bookID,bookTitle
42843,I &amp; II Corinthians (Holman New Testament Commentary)
20886,I Ain't Got Time to Bleed: Reworking the Body Politic from the Bottom Up
126861,I Ain't Superstitious (Five Star Expressions.)
134983,I Am A Jedi
197225,I Am Because We Are: Readings in Black Philosophy
39165,I Am Becoming the Woman I've Wanted
78882,I Am Dracula
14323,I Am Dracula/Know Me
106945,I Am England
40622,I Am Fifteen--And I Don't Want to Die
231440,I Am Helping (Little Critter Toddler Books)
231438,I Am Hiding (Toddler Books)
179339,I Am Jackie Chan: My Life in Action
122036,I Am Joseph
5088,I Am Legend
30447,I Am Legend
122093,I Am Mordred: A Tale from Camelot
63983,I Am Not Going to Get Up Today! (Beginner Books)
192660,I Am Not Going to Get Up Today! (Beginner Books)
197296,I Am Not Your Victim : Anatomy of Domestic Violence (SAGE Series on Violence against Women)
46148,I Am One of You Forever: A Novel
231437,I Am Playing (Toddler Books)
231435,I Am Sharing (Toddler Books)
32202,I Am Spock
65705,I Am Spock
44431,I Am What I Ate...and I'm Frightened!!! And Other Digressions from the Doctor of Comedy
60586,I Am Winnie the Pooh (Golden Story Book)
151240,"I Am Woman, Hear Me Snore-Cathy Collection"
6452,I Am a Bunny (Golden Sturdy Book)
136726,I Am a Gymnast (Young Dreamers)
94529,I Am a Monster (A Golden/Sesame Street Sturdy Book)
99535,"I Am a Soldier, Too: The Jessica Lynch Story"
130181,I Am a Star: Child of the Holocaust
234057,I Am of Irelaunde: A Novel of Patrick and Osian
41191,I Am the Central Park Jogger : A Story of Hope and Possibility
269265,I Am the Central Park Jogger: A Story of Hope and Possibility (Thorndike Press Large Print Basic Series)
46706,I Am the Cheese (Laurel-Leaf Library)
57724,I Am the Clay
206713,I Am the Most Interesting Book of All: The Diary of Marie Bashkirtseff (Vol 1)
29191,I Am the Only Running Footman
7519,I Am the Only Running Footman
699,I And Thou
34126,I Believe in You
12402,I Brake for Bad Boys
17283,I Brake for Bad Boys
69891,I Burn For You
180968,I CAPTURE CASTLE
193869,I Came I Saw I Lost My Luggage
97529,I Came I Saw I Lost My Luggage
192606,I Can Do It ABC (First little golden book)
70955,I Can Read About Baby Animals (I Can Read About)
192704,I Can Read About Creatures of the Night (I Can Read About Series)
112720,I Can Read About Dinosaurs (I Can Read About)
194521,I Can Read About Eskimos (I Can Read About)
184477,I Can Read About Frogs and Toads (I Can Read About)
194924,I Can Read About Prehistoric Animals (I Can Read About)
135103,I Can Read About Weather (I Can Read About Series)
119926,I Can Read About Whales and Dolphins (I Can Read About)
5448,I Can Read With My Eyes Shut (I Can Read It All by Myself Beginner Books)
121909,I Can't Be Good All the Time
189005,I Can't Do Everything: The Christian Woman's Guide to Focused Living
91970,I Can't Wait Until Christmas: Featuring Jim Henson's Sesame Street Muppets (Little Golden Book)
66248,I Cannot Get You Close Enough : Three Novellas
19538,"I Cannot Tell a Lie, Exactly"
122925,"I Cannot Tell a Lie, Exactly: And Other Stories"
20540,I Capture the Castle
1682,I Capture the Castle
33642,I Capture the Castle
129436,I Ching
18708,I Ching -- The classic Chinese Oracle of Change. The first complete translation with concordance
219128,"I Ching, the Book of Change"
73426,I Ching: The Mystical Arts (The Mystical Arts)
13763,I Choose You (Pokemon Chapter Book #1)
68425,I Closed My Eyes: Revelations of a Battered Woman
68413,I Could Do Anything If I Only Knew What It Was: How to Discover What You Really Want and How to Get It
35591,I DONT WANT TO TALK ABOUT IT: OVERCOMING THE SECRET LEGACY OF MALE DEPRESSION
236969,I Died Here (A Pacemaker bestellers book)
127099,I Do
59912,I Do (But I Don't)
77020,"I Do, I Do, I Do"
18913,I Do: A Guide to Creating Your Own Unique Wedding Ceremony
245249,I Do: Meditations for Brides (Milestones for Women)
99985,I Dodici Abati Di Challant
3979,I Don't Know How She Does It
9482,"I Don't Know How She Does It: The Life of Kate Reddy, Working Mother"
54988,"I Don't Know What I Want, but I Know It's Not This: A Step-By-Step Guide to Finding Gratifying Work"
101124,"I Don't Need to Have Children, I Date Them: 23 Child Psychology Techniques to Use on Boys of All Ages"
190309,I Dream a World: Portraits of Black Women Who Changed America
64352,I Dream of You
215145,I Dreamed I Married Perry Mason : A Cece Caruso Mystery
41623,I Dreamed of Africa
220180,I Dreamed of Africa
147251,"I Forgot to Wear Underwear on a Glass-Bottom Boat: Real People, True Secrets (I Forgot to Wear Underwear on a Glass-Bottom Boat)"
169402,I Found Out I'm Dying: A Celebration Of Life In Spoetry
114238,I Got A D in Salami (Hank Zipzer)
21078,"I Got You, Babe"
242267,I HAD A CAT
19079,I Had a Dollar in Hawaii
874,I Hadn't Meant to Tell You This
99900,I Hate You - Don't Leave Me
254516,I Hate to Cook Book
254519,I Hate to Hsekeep Bk
130787,"I Hated, Hated, Hated This Movie"
74313,I Have Lived A Thousand Years: Growing Up In The Holocaust
19390,I Have No Mouth
30111,I Have No Mouth and I Must Scream
173417,I Have a Dream: The Story of Martin Luther King (Scholastic Biography)
232999,I Have to Go (Sesame Street Toddler Books)
180427,I Have to See This (Jesse Adventure Series)
234322,I Haven't Understood Anything Since 1962 and Other Nekkid Truths
143921,I Hear (Baby Beginner Board Books)
173716,I Hear Adventure Calling (Thorndike Large Print Candlelight Series)
70224,I Hear America Talking: An Illustrated History of American Words and Phrases (A Touchstone book)
100229,I Hear a Symphony: African Americans Celebrate Love
12857,I Heard the Owl Call My Name
19035,I Hope You Dance
86593,"I Hope You Have A Good Life: A True Story of Love, Loss and Redemption"
6784,I Is for Innocent
5734,I Is for Innocent (A Kinsey Millhone Mystery)
43504,I Just Forgot (A Little Critter Book)
81376,I KNOW WHAT YOU DID LAST SUMMER
46504,I Killed June Cleaver: Modern Moms Shatter the Myth of  Perfect Parenting
17563,I Kissed Dating Goodbye: A New Attitude Toward Relationships And Romance
136151,I Knew You Would Call: A Marta Goicochea Mystery
86047,I Know It When I See It: A Modern Fable About Quality
176952,I Know Some Things: Stories About Childhood by Contemporary Writers
3022,I Know This Much Is True
33850,I Know This Much Is True
55262,I Know This Much Is True
40004,I Know This Much Is True
10615,I Know This Much Is True (Oprah's Book Club)
103299,I Know What You Did Last Summer
142747,I Know What You Did Last Summer
150735,I Know Who Holds Tomorrow : A Novel
268759,I Know Why the Caged Bird Sings
86936,I Know Why the Caged Bird Sings
7050,I Know Why the Caged Bird Sings
52955,I Know Why the Caged Bird Sings
213047,I Know an Old Lady Who Swallowed a Fly
262869,"I LOVE YOU, LET'S WORK IT OUT"
193713,"I Like Bugs (Step-Into-Reading, Step 1)"
187344,I Like It Like That: A Gossip Girl Novel
24350,I Like You
198653,I Like to Be Little
43529,I Like to Help Mommy
31214,"I Live in Your Basement! (Goosebumps, No 61)"
263037,I Lived to Tell It All
105360,I Lock My Door upon Myself
43912,I Lost Everything in the Post-Natal Depression
20557,I Lost Everything in the Post-Natal Depression
93594,I Love Bad Boys
53964,I Love Everybody (and Other Atrocious Lies) : True Tales of a Loudmouth Girl
171571,I Love My Mother
125865,I Love My Smith &amp; Wesson : A Novel
171418,I Love Myself When I Am Laughing... and Then Agian When I Am Lookin Gmean and Impressive: A Zora Neale Hurston Reader
126929,I Love Rogues
168238,I Love Washington Guide
244929,I Love You Like Crazy Cakes
104124,I Love You Like a Tomato
45045,I Love You Like a Tomato
179796,"I Love You, Dad"
15892,"I Love You, Ronnie"
100169,I Love a Cop: What Police Families Need to Know
176179,I Love to Cuddle
134727,I Love to Read! (Four Original Stories for Independent Readers)
6959,I Married Dr. Jekyll and Woke Up Mrs. Hyde: Or What Happens to Love
56587,I Married a Communist
122068,I Married an Earthling: A Novel
87369,I May Be Wrong but I Doubt It
197133,I May Not Get There With You : The True Martin Luther King Jr
167960,I Morti
19268,I Myself Have Seen It: The Myth of Hawai'i
75023,I Need Help Too! (I Need Help)
177209,I Never Liked You: A Comic Book
171568,I Never Loved Your Mind
16664,I Never Promised You a Rose Garden
244787,I Never Saw Another Butterfly: Children's Drawings and Poems from Terezin Concentration Camp 1942-1944
27119,I Only Say This Because I Love You: How The Way We Talk Can Make Or Break Family Relationships Throughout Our Lives
172058,I Ought to Be in Pictures: A New Comedy
32331,I PROMISED MY DAD
156809,"I Purr, Therefore I Am: Never Before Collected Observations on All Things Cat"
8855,I Rant Therefore I Am
172945,I Reach for the Stars: An Autobiography
216336,I Read It on the Refrigerator: Memos for Amazing Moms
158624,I Refuse to Raise a Brat: Straightforward Advice on Parenting in an Age of Overindulgence
129200,I Remember
125277,I STILL KNOW WHAT YOU DID LAST SUMMER: THE SCREENPLAY
151540,"I Saw Elvis In My Ultrasound (Baby Blues Scrapbook, No. 7)"
211734,I Saw Three Ships
94195,I See the Moon (Aladdin Fiction)
61140,I See the Sun: I See the Sun a Pooh Book (The New Adventures of Winnie the Pooh)
162979,I Send a Voice (Quest Books)
177029,I Shall Not Be Moved
267183,I Shock Myself: The Autobiography of Beatrice Wood
102524,I Shocked the Sheriff : Editor's Choice (Temptation)
19808,I Should Have Stayed Home: The Worst Trips of the Great Writers (Travel Literature Series)
151115,I Shouldn't Have To Scream More Than Once!
11919,I Shudder at Your Touch: 22 Tales of Sex and Horror
41638,I Shudder at Your Touch: Twenty Two Tales of Sex and Horror
39769,I Spy Christmas:  A Book of Picture Riddles
61147,I Spy Gold Challenger!: A Book of Picture Riddles (I Spy)
82634,I Spy Little Animals (I Spy)
371,I Spy Spooky Night: A Book of Picture Riddles (I Spy Books)
61148,I Spy Treasure Hunt: A Book of Picture Riddles (I Spy Books)
61149,I Spy Year-Round Challenger! A Book of Picture Riddles
370,I Spy: A Book of Picture Riddles
90909,I Still Talk To...
22533,I Thee Wed
11408,I Think I Love You
208555,"I Think, Therefore I Have a Headache: A Laugh-Out-Loud Look at Life"
70389,I Thirst for You
8992,"I Thought Labor Ended When The Baby Was Born (Baby Blues Scrapbook, No 4)"
1205,I Thought My Father Was God: And Other True Tales from NPR's National Story Project
48718,I Took a Lickin' and Kept on Tickin' (And Now I Believe in Miracles)
37427,"I Touch the Earth, the Earth Touches Me"
238804,I Want To Be The Kitty : Mutts 8
60593,I Want a Pet: Level 1 (Start to Read! Trade Edition Series)
193924,"I Want to Believe (The Official Guide to the X-Files, Vol. 3)"
106913,I Want to Buy a Vowel: A Novel of Illegal Alienation
137737,I Want to Go Home
33632,"I Want to Grow Hair, I Want to Grow Up, I Want to Go to Boise: Children Surviving Cancer"
116723,"I Want to Tell You: My Response to Your Letters, Your Messages, Your Questions"
64262,I Want to Thank My Brain for Remembering Me : A Memoir
1569,I Was Amelia Earhart
29842,I Was Amelia Earhart: A Novel (Vintage Contemporaries)
269821,"I Was Born a Slave: An Anthology of Classic Slave Narratives, 1770-1849 (Library of Black America)"
269822,"I Was Born a Slave: An Anthology of Classic Slave Narratives, 1849-1866 (Library of Black America)"
95383,I Was So Mad (Golden Look-Look Books)
38387,I Was So Mad (Look-Look)
76639,I Was There: On Board the Titanic
107586,I Was a Fugitive from a Hollywood Trivia Factory : A Book of Hollywood Trivia Lists
60845,I Was a Rat!
24926,I Was a Teenage Fairy
53160,I Was a Teenage Fairy (Ageless Books)
205942,"I Wasn't Ready to Say Goodbye: Surviving, Coping and Healing After the Sudden Death of a Loved One"
11606,I Who Never Known Men
14362,I Will Bear Witness: A Diary of the Nazi Years 1933-1941 (Modern Library (Paperback))
238118,I Will Fear No Evil
18816,I Will Fear No Evil
121344,"I Will Survive (Harlequin Flipside, No. 8)"
21669,I Wish I Had a Red Dress
26367,I Wish I Had a Red Dress
58477,I Wish for You a Beautiful Life: Letters from the Korean Birth Mothers of Ae Ran Won to Their Children
61344,I Wonder Why Castles Had Moats and Other Questions About Long Ago (I Wonder Why)
61345,I Wonder Why Triceratops Had Horns: And Other Questions About Dinosaurs (I Wonder Why (Hardcover))
233146,I Wouldn't Have Missed It: Selected Poems of Ogden Nash
23128,I Wouldn't Thank You for a Valentine : Poems For Young Feminists
197620,I Write What I Like: A Selection of His Writings
269617,"I always look up the word \egregious\"""""
36981,I can do it myself: Featuring Jim Henson's Sesame Street muppets
205672,I can see you naked: A fearless guide to making great presentations
143930,I custodi del silenzio (Scala)
215734,I feel like the Morning Star
224917,I go places: A fun sticker book
193073,I love mud and mud loves me
222981,I remember it well
43042,I want it now
180258,I was a teenage Katima-victim: A Canadian odyssey
151238,I'D Scream Except I Look So Fabulous : A Cathy Collection
38617,I'LL BE SEEING YOU
151253,"I'M Flying, Jack...I Mean, Roger : A Fox Trot Collection (Foxtrot Collection)"
217308,"I'M Having Your Baby  (The Lone Star Social Club) (Harlequin Intimate Moments, No 799)"
6302,"I'M Not Anti-Business, I'M Anti-Idiot-Dilbert"
126278,I'd Kill for That
36227,"I'd Like a Little Word, Leonie (Definitely Daisy)"
57110,I'd Rather Be in Philadelphia: An Amanda Pepper Mystery
137957,"I'd Say \Yes\"" God, If I Knew What You Wanted: Spiritual Discernment"""
93173,"I'll Be Home Soon, Snoopy (Peanuts Gang)"
102405,I'll Be Right Back : Memories of TV's Greatest Talk Show
45,I'll Be Seeing You
26733,I'll Be There
30768,I'll Be Watching You
48534,I'll Fix Anthony
195634,I'll Hold You in Heaven
180015,"I'll Hold You in Heaven: Healings and Hope for the Parent of a Miscarried, Aborted, or Stillborn Child"
138714,"I'll Miss You, Mr. Hooper: Based on the Sesame Street Television Script"
223767,"I'll Never Marry a Farmer: Lois Hole on Life, Learning &amp; Vegetable Gardening"
23562,I'll Take It
22353,I'll Take Manhattan
42286,I'll Tell You a Tale: A Collection of Poems and Ballads
39090,I'm Dancing As Fast As I Can
41138,"I'm Free, but It'll Cost You: The Single Life According to Kim Coles"
5821,"I'm Good Enough, I'm Smart Enough, and Doggone It, People Like Me! : Daily Affirmations By Stuart Smalley"
147799,"I'm In The Wine Store, Now What?: Understanding Wine Basics/ Tasting Wine/ Buying Tips"
52905,I'm No Angel (Avon Romance)
249796,I'm Nobody! Who Are You?: Poems (Scholastic Classics)
15073,I'm Not Really Here
12826,I'm Not Really Here
4198,I'm Not Scared
66976,I'm Not Scared!: A Book of Scary Poems (Read With Me)
194867,I'm Not Your Friend (Dinofours)
89183,I'm Not a Feminist But...
126312,"I'm OK, You're My Parents : How to Overcome Guilt, Let Go of Anger, and Create a Relationship That Works"
189828,I'm Ok - You're Ok: A Practical Guide to Transactional Analysis
3715,I'm Ok-You're Ok
68156,I'm Only One Man!
73236,"I'm So Tired of Other People, I'm Dating Myself: An Insider's Guide to Being Single"
243391,I'm Sorry: A Pop-Up Book (Running Press Miniature Editions (Hardcover))
133471,I'm Super Dino (Dinofours)
262747,I'm Telling : A Novel
231473,I'm Terrific
267181,I'm Too Young to Get Old: Health Care for Women After Forty
126607,I'm a Believer
179815,I'm a Big Sister
162059,I'm a Caterpillar (Hello Reader! Science. Level 1)
216766,I'm a Girl!
228818,I'm a Girl! (Cool Kids Series)
55128,I'm a Stranger Here Myself : Notes on Returning to America After Twenty Years Away
1819,I'm a Stranger Here Myself: Notes on Returning to America After 20 Years Away
116233,I'm dancing as fast as I can
80637,I'm the One That I Want
19049,I'm the One That I Want
88122,I've A Feeling We're Not In Kansas Anymore (Stonewall Inn Editions)
81178,I've Got The One-More-Washload Blues
15473,"I've Got You, Babe"
43820,"I, Claudius : From the Autobiography of Tiberius Claudius, Born 10 B.C., Murdered and Deified A.D. 54 (Vintage International)"
200188,"I, Claudius and Claudius the God: And, Claudius the God (Graves, Robert, Selections.)"
13719,"I, Claudius: From the autobiography of Tiberius Claudius, Emperor of the Romans, born 10 B.C., murdered and deified A.D. 54"
88469,"I, Dreyfus"
61043,"I, Elizabeth"
147129,"I, Etcetera"
11214,"I, Jedi (Star Wars (Random House Paperback))"
105615,"I, Juan de Pareja"
11272,"I, Lucifer: Finally, the Other Side of the Story"
90834,"I, Q (Star Trek The Next Generation)"
180244,"I, Rhoda Manning, Go Hunting with My Daddy: And Other Stories"
89627,"I, Richard"
112925,"I, Robot"
3417,"I, Robot"
3430,"I, Robot:The Illustrated Screenplay"
30332,"I, Strahd (Ravenloft Books)"
41038,"I, Tina"
57991,"I, Tituba, Black Witch of Salem"
20587,"I, Trissy"
3190,"I, Vampire"
116866,"I, Vampire"
113135,I. Asimov: A Memoir
25336,"I.N.V.U., Book 2"
19922,I5 Killer
30702,I: The Creation of a Serial Killer
230620,IBM PC &amp; XT assembly language: A guide for programmers
109422,IF I PAY THEE NOT IN GOLD
20681,IF THERE BE THORN
24512,IF THERE BE THORN (Dollanger Saga (Paperback))
65096,IF THERE BE THORNS (Dollanger Saga (Paperback))
170310,IF YOU SEE ME NOW
19017,IF YOU'RE AFRAID OF DARK
267025,IFGS Fantasy Rules (The IFGS Handbook : V. 1)
30530,"IMZADI: STAR TREK, NEXT GENERATION (Star Trek the Next Generation)"
163072,IN A PIG'S EYE
49305,IN THE ARENA : IN THE ARENA
30550,IN THE BEGINNING
216896,"IN THE FACE/DANGER (Orphan Train Quartet, No 3)"
16619,IN THE FLESH
38051,IN THE MEANTIME : Finding Yourself and the Love You Want
37195,IN THE NIGHT CAFE
35692,INCA GOLD
18906,INCREDIBLE JOURNEY
21198,INDECENT PROPOSAL : INDECENT PROPOSAL
18094,INDIGO FIRE : INDIGO FIRE
128656,INDISTINGUISHABLE FROM MAGIC
124015,INFERNO
149400,INFRA DIG
71088,INHERITANCE
63227,INHERITANCE
110879,INHERITORS
65242,INHUMAN CONDITION
188030,INITIATION
18866,INTIMACY : A NOVEL
102681,"INTO THE FIRE (HEAT) (Harlequin Temptation, No. 872)"
46193,INTO THE PIT
119060,"INTO THE TWILIGHT, ENDLESSLY GROUSING"
61403,"INTO THIN AIR (NANCY DREW FILES 57) : INTO THIN AIR (The Nancy Drew Files, No 57)"
15128,INTRUDER
37028,INTRUSIONS
31773,IRON SHOES : A Novel
33163,ISHMAEL
84782,ISLANDS IN THE STREAM
112842,ITCHY RICHARD : ITCHY RICHARD
166091,Iacobus
17294,Iacocca: An Autobiography
42641,Ian Livingstone's Caverns of the Snow Witch (Fighting Fantasy Gamebook)
3528,Iberia
171265,Iberia (Audiobook)
171263,Iberia: Spanish Travels and Reflections
194939,Ibis: A True Whale Story
42968,Ibiza Travel Guide
95125,"Icaria, Icaria: Novela (Autores espaÃÂ±oles e hispanoamericanos)"
29946,Icarus: A Thriller
111116,Ice
68657,Ice
10192,Ice (Shooting Stars)
29398,Ice Bound : A Doctor's Incredible Battle for Survival at the  South Pole
10583,Ice Bound: A Doctor's Incredible Battle for Survival at the South Pole
94276,Ice Castles
45054,Ice Cream
16736,Ice Cream As a Clue to the Meaning of the Universe
131967,Ice Cream Cows and Mitten Sheep (Magic Castle Readers Science)
192744,Ice Cream Everywhere! (Rhyme Time Readers)
36431,Ice Magic (Matt Christopher Sports Classics)
112305,Ice Rigger
126132,"Ice Run : An Alex McKnight Novel (Alex Mcknight, 6)"
27395,Ice Station
129573,Ice Towers
242767,Ice and Rapture
95929,Ice: The Greatest Truths Hide in the Darkest Shadows
53864,Iceberg (Dirk Pitt Adventures (Paperback))
128902,Icebones
2373,Icebound
44,Icebound
87911,Iced
27855,Iced
30678,Iced (Regan Reilly Mysteries (Hardcover))
132318,"Iced on Aran (New Adventures in H.P. Lovecraft's Dreamlands, Vol 4)"
182630,Icefalcon's Quest (Darwath Series)
73471,Icefalcon's Quest (Darwath)
146324,Icefire
240741,Icehenge
240842,Icemen: A History of the Arctic and its Explorers
24959,Icerigger
238060,Icerigger
223235,Ich ging den Weg des Derwisch. Das Abenteuer der Selbstfindung.
223446,Ich hab dich und du hast mich. ( Ab 2 J.).
107230,"Ich hÃ?ÃÂ¶rte die Eule, sie rief meinen Namen. Roman."
1274,Ich schenk Dir meinen Mann.
223475,"Ich sehe was, was du nicht siehst 2."
223473,"Ich sehe was, was du nicht siehst."
67261,Ich tanze so schnell ich kann.
3118,"Ich, meine Freundin und all diese MÃ?ÃÂ¤nner."
128423,"Icing Ivy: A Jane Stuart and Winky Mystery (Marshall, Evan, Jane Stuart and Winky Mystery Series.)"
244713,Icky Bug Counting Book
10460,Icon
712,Icy Sparks
8793,Icy Sparks
123810,Icy Sparks (Oprah Selection)
180344,Idea Catcher: An Inspiring Journal for Writers
154776,"Ideal Marriage  (Top Author) (Harlequin Presents, No 1905)"
168476,Ideal Marriage?
64628,"Ideal Wife (Romance, 3647)"
204707,"Ideals Christmas, 1986 (Ideals Christmas)"
223113,"Ideals Easter 2000: More Than 50 Years of Celebrating Life's Most Treasured Moments (Ideals Easter, 2000)"
223118,"Ideals Easter, 1982 (Ideals Easter)"
223116,"Ideals Easter, 1984 (Ideals Easter)"
112886,"Ideals Mother's Day, 1988"
256544,"Ideas: Estrategias, lecturas, actividades y composiciones"
86580,Identifying Barbie Dolls: The New Compact Study Guide and Identifier (Identifying Guide Series)
269786,Identity Poetics
144857,"Identity: Unknown (Tall, Dark And Dangerous) (Silhouette Intimate Moments, 974)"
197106,Ideology and U.S. Foreign Policy
219194,Ideology and the Development of Sociological Theory
49178,Idiot (Penguin Classics)
120809,Idler Book of Crap Towns: The 50 Worst Places to Live in the Uk
63727,Idoru
153537,Idoru
5519,Idoru
173571,Idylls of the King and a Selection of Poems
200041,If ... Bounces Back
200044,If ... Breezes in
200054,If ... Only Again
81371,If 2: 500 New Questions for the Game of Life
38316,If Angels Fall
206544,If Animals Could Talk
84093,If Aristotle Ran General Motors
112211,If Beale Street Could Talk
20233,If Chins Could Kill : Confessions of a B Movie Actor
21021,If Cooks Could Kill : An Angie Amalfi Mystery (Angie Amalfi Mysteries)
140738,If Death Ever Slept
656,"If Ever I Return, Pretty Peggy-O"
21044,If He Could See Me Now (Harlequin Superromance #840)
198686,If He Hollers Let Him Go: A Novel
152930,If I Can't Have You
38405,If I Could Drive an Ambulance (Tonka)
57654,If I Die in a Combat Zone : Box Me Up and Ship Me Home
99769,If I Die in a Combat Zone: Box Me Up and Ship Me Home
258875,If I Don't Know
228985,"If I Ever Get Back to Georgia, I'm Gonna Nail My Feet to the Ground"
55339,If I Found a Wistful Unicorn
60241,If I Gained the World
122881,If I Gained the World
127925,If I Get to Five: What Children Can Teach Us About Courage and Character
55780,If I Had My Life to Live Over I Would Pick More Daisies
31482,If I Had You
231352,If I Had You
112593,"If I Had a Hammer: Women's Work in Poetry, Fiction, and Photographs"
180416,If I Had a Hi-Fi: And Other Palindromes (Intrepid Linguist Library)
174527,If I Knew Then What I Know Now ... So What
216137,"If I Must Choose (Harlequin Superromance, No 583)"
60580,If I Ran the Zoo-OSI
2606,If I Should Die
211594,"If I Were a Man, I'd Marry Me"
100855,If I Were a Pirate...
20694,If I'd Killed Him When I Met Him (Elizabeth MacPherson Novels (Paperback))
45017,If I'd Killed Him When I Met Him...: An Elizabeth Mac Pherson Novel
149199,If I'd Only Known... Sexual Abuse in or out of the Family: A Guide to Prevention
151531,"If I'm A Stay At Home Mom, Why Am I Always In The Car? (Baby Blues 11 Scrapbook)"
168392,"If I'm So Wonderful, Why Am I Still Single?: Ten Strategies That Will Change Your Life Forever"
119340,"If I'm So Wonderful, Why Am I Still Single?: Ten Strategies That Will Change Your Love Life Forever"
24299,If Life Is a Bowl of Cherries What Am I
1805,If Life Is a Bowl of Cherries What Am I Doing in the Pits
115750,"If Life Is a Game, These Are the Rules: Ten Rules for Being Human, As Introduced in Chicken Soup for the Soul"
6720,If Looks Could Kill
124,"If Love Were Oil, I'd Be About a Quart Low"
14228,If Morning Ever Comes : A Novel
72785,If My Love Could Hold You
93575,If Nobody Speaks of Remarkable Things
152885,If Only
32363,If Only He Knew
766,If Only It Were True
39156,If Only It Were True
86481,If Only It Were True
111148,If Only You Knew How Much I Smell You: True Portraits of Dogs
22621,If She Only Knew
92009,If She Should Die
81977,If There Be Thorns (Dollanganger Saga)
21094,If There Be Thorns (Dollanganger)
44160,If They Only Knew
254829,"If This Is A Lecture, How Long Will It Be ? : A For Better or For Worse Collection"
9624,If Tomorrow Comes
13657,If Tomorrow Comes
118665,"If Wishes Were Horses (Family Man) (Harlequin Superromance, No 772)"
113170,If You Are a Hunter of Fossils (Reading Rainbow Book)
48283,If You Believe
53253,"If You Can't Live Without Me, Why Aren't You Dead Yet?!"
176736,If You Can't Say Something Nice
136823,If You Come Softly
125829,If You Dare
84550,If You Give a Mouse a Cookie
140494,If You Give a Mouse a Cookie
141415,If You Give a Pig a Pancake
134364,If You Grew Up With Abraham Lincoln
41852,If You Had a Family
191026,If You Lived 100 Years Ago (If You Lived....)
106208,"If You Lived Here, You'd Be Home by Now"
20204,If You Lived at the Time of Martin Luther King (If You Lived...(Scholastic))
34118,"If You Love Me (Sweet Dreams, No 107)"
113353,If You Love the Lord
52511,"If You Loved Me (Reynolds, Marilyn, True-to-Life Series from Hamilton High.)"
92083,"If You Only Knew (The Friendship Ring, 1)"
3609,If You Really Loved Me
193777,If You Sailed on the Mayflower in 1620
152443,If You Take a Mouse to School
32126,If You Take a Mouse to the Movies
152538,If You Take a Mouse to the Movies
37385,"If You Want to Walk on Water, You've Got to Get Out of the Boat"
75406,"If You Want to Write: A Book About Art, Independence and Spirit"
46390,"If You Want to Write: A Book about Art, Independence and Spirit"
44221,"If You're Talking to Me, Your Career Must Be in Trouble: Movies, Mayhem, and Malice"
113065,"If You're Trying to Teach Kids How to Write, You'Ve Gotta Have This Book (Kids' Stuff Book)"
75404,"If You're Writing, Let's Talk: A Road Map Past Writers' Blocks from Page One to the End"
189699,"If at All Possible, Involve a Cow: The Book of College Pranks"
155775,"If ducks carried guns, and other ifabilities"
62950,"If it's not funny, why am I laughing?"
49437,If on a Winter's Night a Traveler
80934,If the Buddha Came to Dinner: How to Nourish Your Body to Awaken Your Spirit
15281,If the Buddha Dated: A Handbook for Finding Love on a Spiritual Path
7551,If the Gods Had Meant Us to Vote They Would Have Given Us Candidates
54061,"If the Gods Had Meant Us to Vote, They'd Have Given Us Candidates"
19237,If the River Was Whiskey: Stories (Contemporary American Fiction)
95000,If the Shoe Fits / Designs on Jake (Harlequin Duets 2-In-1 No 86)
21020,If the Slipper Fits (Avon Romance)
142239,If the Stick Turns Pink...  (The Pregnancy Test)
3621,"If this is a man ; and, The truce"
11209,If... (Questions for the Game of Life)
50609,"If..., Volume 3 : (Questions for the Game of Love)"
200052,If...goes Down the John
200050,If...kicks Butt (Mandarin Humour)
171310,Iggie's House
36884,Iggie's House
76710,Igur NeblÃÂ­ (A tot vent)
160507,Ihmepuun lehdet
135996,Ihre Rechte als Arbeitnehmer.
268781,Ik schrijf het je grof-eerlijk: Briefwisseling met Emmy van Lokhorst en Sonja Witstein (Meulenhoff editie)
25618,Il Nome Della Rosa
248972,Il Nozze Cadmo E Armonia
15216,Il Piccolo Principe
214677,Il Profeta
127690,"Ilium (Simmons, Dan)"
122571,"Ill Met in Lankhmar/the Fair in Emain Macha (Tor Science Fiction Doubles, No 19)"
1454,Ill Wind (Anna Pigeon Mysteries (Paperback))
85294,"Ill Wind (Weather Warden, Book 1)"
54669,Illearth War
17020,Illearth War Covenant 2
40036,Illegal Alien
212414,Illinois Gardener's Guide
45847,Illness as Metaphor &amp; AIDS and Its Metaphors
32163,Illuminata: A Return to Prayer
71327,"Illuminata: Thoughts, Prayers, Rites of Passage"
83981,Illuminated Calligraphy
11174,Illuminati.
129587,Illumination
31811,Illumination Night
230228,"Illuminations (New Directions Paperbook, No. 56)"
32241,"Illuminations : Visions for Change, Growth, and Self-Acceptance"
223700,Illuminations: Women Writing on Photography from the 1850s to the Present
107716,Illuminatus! Part 1: The Eye in the Pyramid
206859,Illusion
90936,Illusion
7622,Illusion
18219,Illusion Of Love
14415,Illusions
247608,"Illusions (Silhouette Intimate Moments, No 138)"
7811,Illusions : A Novel
50660,Illusions of Love
266941,"Illusions of Victory (Battletech, 47)"
18451,Illusions: The Adventures of a Reluctant Messiah
3353,Illusions: The Adventures of a Reluctant Messiah
103219,Illusions: The adventures of a reluctant Messiah
209520,Illustrated Book of Myths: Tales &amp; Legends of the World
105314,Illustrated Book of Signs &amp; Symbols
58437,Illustrated Cat Poster Book
121939,Illustrated Catwatching
57248,Illustrated Delta of Venus
20265,Illustrated Dictionary of Mythology
130849,Illustrated Dune
152387,Illustrated Encyclopedia of Combat Aircraft of World War Ii/#05617
107448,Illustrated Guide to Celtic Mythology
254994,Illustrated History of Arms and Armour
90931,Illustrated Man
107424,"Illustrated Myths of Native America: The Northeast, Southeast, Great Lakes and Great Plains"
107425,"Illustrated Myths of Native America: The Southwest, Western Range, Pacific Northwest and California"
124127,Illustrated guide to Wine
152572,Illustrated motor cars of the world
191004,Illustrated patchwork crochet: Contemporary granny squares for clothing and home decorating
118244,Illywhacker
42425,Illywhacker: A Novel
13506,"Ilse Witch (The Voyage of the Jerle Shannara, Book 1)"
66605,"Ilse Witch (The Voyage of the Jerle Shannara, Book 1)"
58729,Im Dunkeln sind alle WÃ?ÃÂ¶lfe grau.
100281,Im FrÃ?ÃÂ¼hling der Tau. Ã?Ã?stliche Reisen.
67417,Im Haus meines Feindes.
15211,Im Morgengrauen. Unheimliche Geschichten.
67438,Im Namen der Ehre.
197850,Im Off to See Wizard
9606,Im Schatten der GÃ?ÃÂ¶tter. Roman.
22071,Im Westen Nichts Neues
28515,Image of Conspiracy: A Mystery Adventure
41876,Image on the Edge: The Margins of Medieval Art (Essays in Art and Culture)
227318,Imagery and Reality
176657,"Images Of Desire (Harlequin Romance, No 3241)"
18186,"Imaginary Lover (Loveswept, No 717)"
220190,Imaginary Parents
206187,Imaginary Worlds
15099,Imagine
31636,Imagine: What America Could Be in the 21st Century
17691,Imagined
45979,Imagined Worlds (Jerusalem-Harvard Lectures)
170873,"Imagining Characters: Conversations About Women Writers : Jane Austen, Charlotte Bronte, George Eliot, Willa Cather, Iris Murdoch, and Toni Morrison"
192654,Imaginings of Sand
154814,"Imaginization : New Mindsets for Seeing, Organizing, and Managing"
210712,Imagist Poetry: An Anthology (Dover Thrift Editions)
16394,Imajica
38016,Imajica : Featuring New Illustrations and an Appendix
24887,"Imbalance (Star Trek The Next Generation, No 22)"
148179,Imitate the Tiger
42256,Imitating and Fishing Natural Fish Foods: Everything an Angler Needs to Know About the Foods that Trout Eat and How to Imitate Them
35378,"Imitation Love (Silhouette Desire, No 813)"
8442,Imitation in Death (Eve Dallas Mysteries (Paperback))
32249,Imitation of Christ
62118,Imitation of Christ
204475,Imitation of Christ (Penguin Classics)
28346,Immaculate Deception
58456,Immaculate Midnight (Jane Lawless Mysteries (Hardcover))
43226,Immaculate Reception : A Madeline Bean Catering Mystery (Madeline Bean Mysteries (Paperback))
227514,Immediatism
37780,Immer Ã?Ã?rger mit den Kerlen.
36588,Immigrant's Daughter
13443,Immoral Certainty
7036,Immortal Blood
96007,Immortal Coil (Star Trek The Next Generation)
128229,Immortal Image
42087,Immortal Love: Stories
8669,Immortal Poems of the English Language
30104,Immortal in Death
127869,"Immortalis (The Second DemonWars Saga, Book 3)"
9573,Immortality
266268,Immortality
19707,Immortality (Perennial Classics)
223174,Immunobiology: The Immune System in Health and Disease
254681,"Immunology, Aging, and Cancer: Medical Aspects of Mutation and Selection"
133807,Imogene's Antlers (Reading Rainbow Books)
87632,"Impasse (Portraits (Minneapolis, Minn.).)"
125899,Impeachable Offense (End of State)
122357,"Impeccable Birdfeeding: How to Discourage Scuffling, Hull-Dropping, Seed-Throwing, Unmentionable Nuisances and Vulgar Chatter at Your Birdfeeder"
179658,Imperfect Strangers
37272,Imperfect Strangers
171724,Imperial Woman
154203,"Imperial Woman (Buck, Pearl S. Oriental Novels of Pearl S. Buck, 3rd,)"
198338,Imperialism the Highest Stage of Capitalism
206772,Imperium Without End (Pangaea)
57137,Impetuous
261337,Impetuous (Arabesque)
53270,"Impetuous (Harlequin Temptation, No 572)"
25946,Impetuous Innocent
154693,Impetuous Marriage (Harlequin Presents)
86057,Implant
40124,Imponderables
90949,Importance of Being Earnest
17256,Important Things That Don't Matter
132695,Impossible Dreams
127196,"Impossible Odds : A Chronicle of the King's Blades (Duncan, Dave)"
82847,"Impossible Passion (Harlequin Romance, No 3112)"
154686,"Impossible Woman (Harlequin Presents, No 935)"
2705,Impostress (Signet Historical Romance)
77193,Impractical Magic (Magical Love)
249135,Impressionism
176932,"Impressions (Harlequin Romance, No 2792)"
162396,Improbable Cause
82367,"Improper Conduct: Chicago Heat (Harlequin Blaze, No 55)"
12392,Improper English
205738,Improving Your Serve: The Art of Unselfish Living
14425,Impulse
29677,Impulse
99977,Impulse
154797,"Impulse (Silhouette Desire, No 926)"
137085,Impulsive
242608,Imzadi (Star Trek: The Next Generation)
63979,Imzadi (Star Trek: The Next Generation)
95956,Imzadi Forever (Star Trek)
11808,Imzadi II Triangle (Star Trek The Next Generation)
11491,Imzadi II: Triangle (Star Trek The Next Generation)
84171,In America
39340,In America
68314,In Bed With the Enemy  (Lone Star Country Club)
147471,In Big Trouble (Tess Monaghan Mysteries (Paperback))
105804,"In Blackhawk's Bed  (Man Of The Month / Secrets!) (Silhouette Desire, No. 1447)"
177042,In Bolivia (Vintage Departures)
95918,In Buddha's Kitchen : cooking and Being Cooked at a Meditation Center
108754,In Camelot's Shadow
116256,In Celebration of Women
57826,In Chancery
2992,In Cold Blood (Vintage International)
55136,In Cold Blood : A True Account of a Multiple Murder and Its Consequences (Modern Library)
53028,In Confidence
149840,In Conquest Born (Daw Book Collectors)
41616,In Contempt
59030,In Country
573,In Country RI
247176,In Daddy's Arms (Only Daddy)
23446,"In Danger's Path (Griffin, W. E. B. Corps, Bk. 8.)"
75154,In Dante's Debt  (The Galvan Brides)
45551,In Dark Places
27412,In Death Ground
85737,In Defense of History
42449,In Desert and Wilderness
250641,In Dreams (Blaze)
117791,In Dubious Battle (20th Century Classics)
208759,"In Enemy Hands (Honor Harrington Series, Book 7)"
257529,In Evil Hour
104688,In Evil Hour
72377,In Evil Hour
159179,"In Favor of the Sensitive Man, and Other Essays"
46284,"In From The Cold (Superromance, 370)"
105981,In From The Rain
17325,In Full Bloom
81239,In God We Trust: All Others Pay Cash
209428,In Gravity National Park: Poems (Western Literature Series)
149587,"In Graywolf's Hands  (The Bachelors Of Blair Memorial) (Silhouette Intimate Moments, 1155)"
242819,In Harm's Way
45585,In Harm's Way: The Sinking of the USS Indianapolis and the Extraordinary Story of Its Survivors
10732,In Harm's Way: The Sinking of the Uss Indianapolis and the Extraordinary Story of Its Survivors
227178,In Heaven As on Earth: A Vision of the Afterlife
95543,In Her Day
25957,In Her Defense
130467,In Her Own Words: The After-death Journal of Princess Diana
567,In Her Shoes : A Novel
10569,In Her Shoes : A Novel
230019,In Her Shoes : A Novel
156745,In His Honor: A Pictorial Journey Through the Early Years of the Christian Church
128013,"In His Image (Book One of the Christ Clone Trilogy, 2nd Edition)"
36426,"In His Image (The Christ Clone Trilogy, Book 1)"
163804,In His Own Write
51068,In His Steps
158340,In His Steps: What Would Jesus Do?
61373,"In His Wife'S Name (Harlequin Intrigue, No. 631)"
50573,In Hot Pursuit
61988,"In Hot Pursuit (Blaze, 48)"
74795,In La-LA Land We Trust
155996,In Labor: Women and Power in the Birthplace
169293,In Living Color: The Authorized Companion to the Fox TV Series
1223,In Love &amp; Trouble: Stories of Black Women
59396,In Love With Norma Loquendi
262732,In Love and War
133439,In Love and War
130375,In Love and War: The Story of a Family's Ordeal and Sacrifice During the Vietnam Years
85475,In Maremma: Life and a House in Southern Tuscany
42284,"In Memoriam, Second Edition (Norton Critical Editions)"
113139,In Memory Yet Green: The Autobiography of Isaac Asimov
211536,In Memory of Junior
194323,In Morocco (Ecco Travels)
126932,In My Bedroom
206456,In My Father's Court
130777,In My Father's House
1584,In My Father's House (Point)
197273,In My Father's House: Africa in the Philosophy of Culture
6893,In My Hands: Memories of a Holocaust Rescuer
126542,In My Heart
99259,In My Ladys Chamber
86024,In My Mother's House
128913,In My Sister's Country
72749,In My Wildest Dreams (Governess Brides Series)
47175,"In Name Only (Texas Grooms) (Desire, 1313)"
103082,In One Day
153259,In Other Lands Than Ours: (1907) (Scholars' Facsimiles &amp; Reprints)
244692,In Our Country (Social Studies Emergent Readers)
150123,In Our Defense: The Bill of Rights in Action
49529,In Our Own Hands: A Book of Self-Help Therapy
108992,In Our Time
14755,In Our Time
140245,In Our Time: Stories (Scribner Classic)
92216,In Patagonia
70368,In Pharaoh's Army : Memories of the Lost War
42638,In Pleasant Places
251894,In Praise of Folly (Dover Thrift Editions)
194477,In Praise of Shadows
147016,In Praise of the Stepmother
73846,"In Pursuit of A Princess (Royally Wed: The Missing Heir) (Silhouette Romance, No. 1582)"
30360,In Pursuit of the Green Lion
17724,In Pursuit of the Proper Sinner
8649,In Pursuit of the Proper Sinner
83070,In Quest of Ghosts
58652,In Sachen Signora Brunetti. Der achte Fall.
35018,In Sachen Signora Brunetti. Der achte Fall.
180396,"In Search Of Dreams (A Family Bond) (Special Edition, 1340)"
184113,In Search Of Her Own (Love Inspired (Numbered))
39160,In Search Of The Far Side
28007,In Search of Color Everywhere
78228,In Search of Dracula : The History of Dracula and Vampires
42743,In Search of England
12324,In Search of Excellence
57750,In Search of Genghis Khan
266992,In Search of Great Coffee: Fabulous Cafes Around the World
146629,In Search of J.D. Salinger
215962,In Search of King Solomon's Mines
257314,In Search of Moby Dick: Quest for the White Whale
171416,In Search of Our Mother's Garden
112231,In Search of Our Mothers' Gardens: Womanist Prose
152632,In Search of Reagan's Brain (Doonesbury Book / By G.B. Trudeau)
241322,In Search of Respect: Selling Crack in El Barrio (Structural Analysis in the Social Sciences)
70690,"In Search of Stones : A Pilgrimage of Faith, Reason, And Discovery"
17884,"In Search of Stones: A Pilgrimage of Faith, Reason, and Discovery"
42227,In Search of Wales
214856,In Search of an Impotent Man (A Virago V)
117907,In Search of the Big Bang: Quantum Physics and Cosmology
107602,In Search of the Dark Ages
77435,In Search of the Heart
88173,In Search of the New Age
70938,In Search of the Perfect Ravioli
238658,In Search of the Trojan War
257631,"In September, the Light Changes"
126740,In Sheep's Clothing
91724,In Siberia
198518,In Siberia It Is Very Cold
59572,"In Sickness and in Health (First Comes Love, No 3)"
98206,In Silence
25927,In Silence (Mira)
48321,In Small Things Forgotten: An Archaeology of Early American Life
106476,In Stony Places (A Chief Inspector Morrissey Mystery)
197526,In Struggle : SNCC and the Black Awakening of the 1960s
35744,"In Sunlight, in a Beautiful Garden : A Novel"
159043,"In Sylvan Shadows (Forgotten Realms:  The Cleric Quintet, Book 2)"
18080,In The Arms Of A Hero (Fortunes Of Texas) (The Fortunes of Texas)
120645,In The Arms Of A Stranger
1556,"In The Blink Of An Eye (The Taylor Clan) (Harlequin Intrigue, No. 651)"
59006,"In The Dark Of The Night (Harlequin Super Romance, No 648)"
162511,In The Deco Style
176475,In The Eyes Of Lov (Harlequin American Romance)
173523,In The Family Way
30404,In The Grip Of Grace
32361,In The Grip Of Grace
48124,In The House Real World Seattle (MTV's the Real World)
121579,"In The Market (Harlequin Romance, No 3183)"
18041,"In The Name Of Love (Silhouette Special Edition, No. 382)"
126501,In The Service Of The Queen
74587,In This Mountain
784,In This Mountain
205114,In This Sign
127427,"In This World, or Another: Stories (Five Star Speculative Fiction)"
31641,In Too Deep
21289,In Too Deep
57054,"In Too Deep (Blaze) (Temptation, 770)"
176507,"In Too Deep (Jennie Mcgrady Mysteries, No 8)"
171152,In Touch
102599,In Trouble's Arms
184759,In Tuscany
57351,In Your Arms
126168,In Your Arms Again
126059,In Your Eyes
59235,In a Class by Itself
93822,In a Class by Itself
22012,In a Class by Itself
96044,In a Country of Mothers (Vintage Contemporaries)
207657,"In a Dark House (Crombie, Deborah)"
198805,In a Dark Place: The Story of a True Haunting
48547,"In a Dark, Dark Room and Other Scary Stories"
20366,In a Different Voice: Psychological Theory and Women's Development
55324,In a German Pension: 13 Stories (Dover Thrift Editions)
206819,In a Gilded Cage: From Heiress to Duchess
84291,In a Glass Darkly (The World's Classics)
70876,In a Heartbeat
262789,In a Heartbeat
122055,In a Lonely Place
147085,In a Lonely Place (Bfi Film Classics)
41179,"In a People House, (Bright &amp; Early Book, Be12)"
205370,In a Spiritual Style: The Home as Sanctuary
36516,In a Strange City (Tess Monaghan Mysteries (Paperback))
54760,In a Sunburned Country
19927,In a Sunburned Country
15865,In a Sunburned Country
267118,In a True Light: A Novel of Crime
125958,In a Wild Wood
70230,In a Word
147254,"In a Word: A Dictionary of Words That Don't Exist, but Ought to"
91717,In a dark wood wandering
109023,In a pickle or a jam
15227,In alle Ewigkeit.
66392,In an Antique Land : History in the Guise of a Traveler's Tale (Vintage Departures)
75180,In an Average Lifetime...
129694,In an Evil Time
56631,In an Instant (Arabesque)
264751,In and Out
75015,In and Out of the Garden
173825,"In my own way;: An autobiography, 1915-1965"
251805,In nomine Dei: Teatro
86967,In search of excellence: Lessons from America's best-run companies
236836,In search of historic Jesus
30202,In search of lost worlds
207144,"In search of the wild dewberry: Making beverages, teas, and syrups from wild ingredients"
158249,In the Absence of the Sacred: The Failure of Technology and the Survival of the Indian Nations
172943,In the Arms of Love
35836,"In the Arms of Morpheus: The Tragic History of Laudanum, Morphine, and Patent Medicines"
249182,"In the Arms of the Law (Loveswept, No 691)"
9935,"In the Balance (Worldwar Series, Volume 1)"
75080,In the Beginning
16986,In the Beginning
187193,In the Beginning (Babylon 5)
163413,"In the Beginning (Frank, Penny. Lion Story Bible, 1.)"
2812,In the Beginning...was the Command Line
97116,In the Belly of the Beast: Letters from Prison
51312,In the Best Families (Crime Line)
125114,In the Best of Families : The Anatomy of a True Tragedy
130793,In the Bin: Reckless and Rude Stories from the Penalty Boxes of the Nhl
129148,In the Bleak Midwinter
651,In the Bleak Midwinter (A Rev. Clare Ferguson Mystery)
30962,In the Blink of an Eye
30482,In the Blood
32479,In the Blood
59082,In the Castle of the Flynns: A Novel
218727,In the Center of the Nation
83195,In the Cold (Berkley Sensation Special)
208886,In the Company of Mind
41626,In the Company of My Sisters: Black Women and Self-Esteem
62683,In the Company of Others
126284,In the Company of Soldiers : A Chronicle of Combat
254881,In the Company of Strangers
19774,In the Cut: A Novel
57352,In the Dark
55443,In the Dark
266375,In the Dark (Intimate Moments)
162654,In the Days of the American Museum
211037,In the Deep Midwinter
627,In the Dinosaur's Paw (Kids of the Polk Street School)
128350,"In the Distance, and Ahead in Time (Five Star First Edition Science Fiction and Fantasy Series)"
38657,In the Drink
14889,In the Drink
23355,In the Electric Mist with Confederate Dead
31834,In the Event of My Death
155048,In the Eye of the Storm: The Life of General H. Norman Schwarzkopf
74478,In the Eye of the Sun
10585,In the Fall (Vintage Contemporaries (Paperback))
140721,In the Fifth at Malory Towers
190488,In the Flesh
54926,In the Footsteps of Thoreau: 25 Historic and Nature Walks on Cape Cod
258904,In the Footsteps of the Durrells in Corfu: A Modern Guidebook
194179,In the Forest
32475,In the Forest of Harm
112205,In the Forests of Serre
222890,In the Frame
1293,In the Frame
192674,In the Garden of Papa Santuzzu
60475,In the Goal With ... Briana Scurry (Matt Christopher Sports Biographies)
127825,In the Hall of the Martian King
21220,In the Hand of Dante: A Novel
7910,In the Hand of the Goddess (Song of the Lioness (Paperback))
148201,In the Heart of Darkness
5223,In the Heart of the Sea: The Tragedy of the Whaleship Essex
244952,In the Heart of the Sea: The Tragedy of the Whaleship Essex
20973,In the Heart of the Sea: The Tragedy of the Whaleship Essex
3642,In the Heart of the Sea: The Tragedy of the Whaleship Essex
36152,In the Hour Before Midnight
157427,In the House of Secret Enemies
244535,"In the Ice Caves of Krog (Secrets of Droon, 20)"
127129,In the King's Service
96031,In the Kingdom of Gorillas : Fragile Species in a Dangerous Land
126596,In the Kingdom of Mists
127523,In the Kingdom of the Fairies: A Memoir of a Magical Summer and a Remarkable Friendship
32201,In the Kitchen With Heloise
10875,In the Kitchen With Rosie: Oprah's Favorite Recipes
57686,In the Labyrinth
29845,In the Lake of the Moon
23674,In the Lake of the Woods
67892,In the Land of Dreamy Dreams
152822,In the Land of White Death
25233,In the Land of the Big Red Apple (Little House)
152281,In the Land of the Blue Poppies: The Collected Plant Hunting Writings of Frank Kingdon-Ward (Modern Library Gardening Series.)
85862,In the Language of Love: A Novel in 100 Chapters
163792,In the Loyal Mountains: Stories
5397,In the Meantime : Finding Yourself and the Love You Want
253271,"In the Middle : New Understanding About Writing, Reading, and Learning (Workshop Series)"
47425,In the Midnight Rain
248815,In the Midst of Death
39917,In the Midst of Death (Matthew Scudder Mysteries (Paperback))
52929,In the Mood (Avon Romance)
30380,"In the Mood (Grant, Charles L. Milennium Quartet, Bk. 2.)"
125945,"In the Moon of Red Ponies : A Novel (Burke, James Lee)"
152898,In the Name of Honour (The Historical Club)
5979,In the Name of Love : Ann Rule's Crime Files Volume 4 (Ann Rule's Crime Files)
37980,In the Name of Mercy
17885,In the Name of Salome: A Novel
61501,In the Name of Salome: A Novel
135250,In the Name of Satan
25539,In the Name of the Father
155506,In the Name of the Father
133018,In the Night Cafe
197626,In the Night Kitchen (Caldecott Collection)
93572,In the Ocean of Night
203208,In the Palaces of Memory: How We Build the Worlds Inside Our Heads
140393,In the Penny Arcade
19401,In the Pond
162148,In the Presence of Angels
54188,In the Presence of Enemies
127202,In the Presence of Mine Enemies
19120,In the Presence of the Enemy
22697,In the Presence of the Enemy
125756,In the Prince's Bed (The Royal Brotherhood)
269813,In the Red Kitchen
162929,In the Rift: Glenraven II (Glenraven)
129342,In the Shadow of Dragons (Macsen's Treasure Series)
37889,"In the Shadow of Evil: The Handkerchief (The Blackstone Chronicles , No 4)"
90808,In the Shadow of Man
146203,In the Shadow of Midnight
31395,In the Shadow of an Eagle: And Other Adventure Stories
11779,In the Shadow of the Arch (Joe Keough Mysteries (Paperback))
128813,In the Shadow of the Green Line (Five Star First Edition Women's Fiction Series)
63190,In the Shadow of the Oak King
167373,In the Shores of the Mediterranean
176889,In the Skin of a Lion
146760,"In the Small, Small Pond"
41503,In the Spirit
113945,In the Spirit of Crazy Horse
244394,In the Spirit of Crazy Horse
46363,In the Spotlight (Little Golden Book)
75422,In the Spotlight: A Guide to Showing Pedigreed and Household Pet Cats
12283,In the Spring of the Year (Nonpareil Book)
75446,In the Still of the Night: A Grace and Favor Mystery
230790,In the Studio with Judy Murrah
156820,In the Teeth of the Evidence : In the Teeth of the Evidence (Lord Peter Wimsey Mysteries (Paperback))
42531,In the Teeth of the Evidence: A Lord Peter Wimsey Mystery Collection
16224,"In the Time of Dinosaurs (Animorphs Megamorphs, 2)"
14366,In the Time of the Butterflies
100963,"In the Wake of Columbus: The Impact of the New World on Europe 1492-1650 (European History Series (Arlington, Heights, Ill.).)"
85866,In the Wake of the Butcher : Cleveland's Torso Murders
30369,In the Wake of the Plague : The Black Death and the World It Made
218825,In the Wake of the Wind
72107,In the Walled Gardens: A Novel
128719,In the Walled Gardens: A Novel
23087,In the Year of the Boar and Jackie Robinson
209424,In the moment
264026,In the tracks of the yeti
236264,In time and eye;: Poetry
2533,"In-Home Child Care: A Step-By-Step Guide to Quality, Affordable Care"
36120,Inadmissible Evidence
23611,Inadmissible Evidence: A Novel
34595,Inagehi
25968,Inappropriate Men (Red Dress Ink)
151084,Inaudita Guerra De Avenida Gago Coutinho
140986,"Inca Gold (Choose Your Own Adventure, No 85)"
9523,Inca Gold (Clive Cussler)
96195,Incantations and Other Stories
170552,Incarnate
107452,Incas: Lords of Gold and Glory (Lost Civilizations)
170461,"Incest: From \A Journal of Love\"" -The Unexpurgated Diary of AnaÃÂ¯s Nin (1932-1934)"""
124945,Inch by Inch : The Garden Song (Trophy Picture Book)
157553,Inches
165292,Inches (The Yellowthread Mysteries)
156312,Incident Response
156337,Incident Response: Investigating Computer Crime
23505,"Incident at Arbuk (Star Trek Voyager, No 5)"
29183,Incident at Badamya
4944,Incident at Twenty-Mile
83167,Incident at Twenty-Mile
41636,Incidents in the Life of a Slave Girl (A Harvest/Hbj Book)
118849,Incidents in the Life of a Slave Girl (Norton Critical Editions)
27169,Incidents in the Life of a Slave Girl (Schomburg Library of Nineteenth-Century Black Women Writers)
238916,Incidents in the Life of a Slave Girl (Signet Classics (Paperback))
25569,"Incierta Marea, La"
10591,Inconceivable
45378,Inconceivable
236240,Incontrouniversity &amp; Mass Media
240263,"Increase Your Web Traffic In a Weekend, Revised Edition"
155589,Increasing Your Wealth: A Professional Portfolio Manager Tells You How
122999,Incredible Tales: Saki Short Stories
244921,Incredible Words &amp; Pictures: Clothes
244801,Incredible Words &amp; Pictures: Great Hunters
10803,Incriminating Evidence
34206,Incubus
125594,Indelible : A Novel
46722,Indemnity Only (V.I. Warshawski Novels (Paperback))
24976,Independence
1815,Independence Day
107028,Independence Day
57481,Independence Day
23771,Independence Day (Vintage Contemporaries)
50917,Independent People: An Epic
121359,Independent Wife (Best Of The Best Series)
205337,India : From Midnight to the Millennium
118345,India Unbound
205334,India in Slow Motion
205362,India: Belief and Ritual the Gods and Cosmos Meditation and Yogic Arts
205364,"India: Belief and Ritual; the Gods and the Cosmos; Meditation and the Yogic Arts (Living Wisdom: the Illustrated Guides to the World's Great Traditions of Body, Mind and Spirit)"
233370,"India: The speeches and reminiscences of Indira Gandhi, Prime Minister of India"
26106,Indian Astrology
25248,Indian Captive : The Story of Mary Jemison (Trophy Newbery)
74197,Indian Captive: The Story of Mary Jemison
42711,Indian Cooking/#08187
22629,Indian Givers: How the Indians of the Americas Transformed the World
64291,Indian Herbalogy of North America (Healing Arts)
92371,Indian Killer
104818,Indian Killer
136033,Indian Sign Language
228918,Indian Spirit (Sacred Worlds)
55219,Indian in the Cupboard
62912,Indiana Jones and the Last Crusade
63173,Indiana Jones and the Temple of Doom
59669,Indiana Off the Beaten Path: A Guide to Unique Places
221587,"Indians Memories: Heroes, Heartaches and Highlights from the Last 50 Years of Cleveland Indians"
81689,Indigo
101215,Indigo
41253,Indigo Dying
12318,Indigo Slam: An Elvis Cole Novel (Elvis Cole Novels (Paperback))
59242,Indiscreet
160649,Indiscreet
144838,"Indiscreet (Harlequin Blaze, No. 120)"
47019,Indiscreet (Loveswept)
18246,"Indiscretions (Bride'S Baby) (Harlequin Presents, No 1794)"
106938,Indoor Plants (Collins Practical Gardener S.)
230638,Industrial Electronics
45622,Industrial Light &amp; Magic: The Art of Special Effects
107834,Indycar (Osprey Motor Sport)
84010,Inequality Reexamined
196266,Infanta (Indigo Book 3)
223327,Infanta. Roman.
24885,"Infection (Star Trek The Next Generation: Double Helix, Book 1)"
200301,Infectious Disease
124737,Infernal Affairs
123783,Infernal Serpent (Inspector Morse)
123982,Inferno
238092,Inferno
56154,Inferno (Bantam Classics)
196267,"Inferno (Indigo, Book 2)"
7609,Inferno (Mentor)
152649,Inferno (Modern Library Series) - English translation
43311,Inferno Dantes Immortal Drama of a Journ
152645,Inferno: The Longfellow Translation
23004,"Infiltrator (Star Trek: The Next Generation, Book 42)"
28743,Infinite Self: 33 Steps to Reclaiming Your Inner Power
77658,Infinity
63169,Infinity Express
63118,Infinity Express Book III
63119,"Infinity Express, Book II: Here We Go Again or Uncle Shelby &amp; the Pirates"
154499,Infinity's Child
130766,Infinity's Child
7424,"Infinity's Shore (The Uplift Saga, Book 5)"
100214,Infopool Internet.
42878,Information
257599,Information Anxiety
254603,Information Architecture for the World Wide Web: Designing Large-Scale Web Sites
95193,Informe Sobre La Tierra: Fundamentalmente in
124415,Informed Consent
48089,"Informed Risks (Special Edition, No 517)"
11308,Inge and Mira
176138,Ingenio 2
230774,Ingenious Lateral Thinking Puzzles
57707,Ingenious Pain (Harvest Book)
218798,Ingenious Puzzles For Word Lovers (Mensa)
43731,"Inglaterra, Inglaterra"
135917,Ingram's Saxon Chronicle
42252,Ingrid Bergman: My Story
158806,Inherit the Earth
73068,Inherit the Earth (Future History)
8697,Inherit the Wind
53767,Inheritance
127234,"Inheritance: Keys of Power, Book 1"
18071,"Inherited: One Baby! (Harlequin American Romance, No 976)"
208415,"Inherited: One Nanny (Nanny Wanted) (Presents , No 1972)"
148432,Inheritor (Foreigner)
173533,Inhuman Condition
5883,Injustice for All: A J.P. Beaumont Mystery
11725,Inkheart
215987,"Inklings (The Oxford Chronicles, 1)"
60764,Inline Skater (Matt Christopher Sports Bio Bookshelf (Paperback))
247018,Inner Bonding: Becoming a Loving Adult to Your Inner Child
101975,Inner Child: Understanding Your Child's Emotional Growth in the First Six Years of Life
168380,Inner Eating: How to Free Yourself Forever from the Tyranny of Food
46223,Inner Enemy
22416,Inner Harbor (Quinn Brothers (Paperback))
168525,Inner Harvest (Hazelden Meditation Ser.))
204799,Inner Healing: Ministering to the Human Spirit Through the Power of Prayer
54542,Inner Passages
270955,Inner Peace for Busy People: Simple Strategies for Transforming Your Life
28946,Inner Simplicity : 100 Ways to Regain Peace and Nourish Your Souls
154510,Inness Landscapes
57400,Innkeeping With Murder (Lighthouse Inn Mysteries)
17920,Innocence
3013,Innocence
46339,Innocent Abroad
57859,Innocent Blood
103058,Innocent Blood
14898,Innocent Blood
31218,Innocent Blood
100609,Innocent Erendira and Other Stories
26611,Innocent Fire
227418,Innocent Graves
105024,Innocent Journey
125628,Innocent Libertine (Heirs of Acadia)
128120,Innocent Passions (Avon Romance)
164976,Innocent Victims
11458,"Innocents Abroad or the New Pilgrims Progress: Being Some Account of the Steamship Quaker City's Pleasure Excursion to Europe and the Holy Land : With Descriptions of Countries, Nations, Incidents"
22017,Innocents Club
107094,"Inns, Ales and Drinking Customs of Old England"
58692,Innuendo (Todd Mills Mysteries)
123025,Innumeracy: Mathematical Illiteracy and Its Consequences
243600,Innumeracy: Mathematical Illiteracy and Its Consequences
196229,Inocencia Tragica
2531,Inorganic Chemistry
104488,Inquisition: The Persecution and Prosecution of the Reverend Sun Myung Moon
123857,Insatiable
176239,Insects &amp; Spiders (Understanding Science &amp; Nature)
194319,Insects (Golden Guide)
41276,Insects (Look-Look Book Series)
209518,Insects: Over 300 Fun Facts for Curious Kids
27676,Insel der blauen Delphine. ( Lese- Abenteuer).
53982,Inseln der SÃÂ¼dsee: 7 Reisen ins Paradies
47018,Inseparable
68098,Inside 9-11 : What Really Happened
16440,Inside Adobe(R) Photoshop(R) 5 (Limited Edition)
228998,Inside Buckingham Palace
84014,Inside Criminology
43063,Inside Daisy Clover (Midnight Classics)
149050,Inside Edge : A Revealing Journey into the Secret World of Figure Skating
194891,Inside Harry's Brain
233674,"Inside Japan's Defense: Technology, Economics &amp; Strategy"
109802,Inside MS-DOS 6.22
156827,Inside Microsoft Windows CE (Microsoft Programming Series)
149020,Inside Oscar: The Unofficial History of the Academy Awards
213977,Inside Out British Columbia: A Best Places Guide to the Outdoors (Best Places)
90655,Inside Out: A Memoir of the Blacklist
127625,Inside Out: A Mystery
149008,Inside Out: Fifty Years Behind the Walls of New Jersey's Trenton State Prison
118748,Inside Paradise
242161,Inside Picture Books
108987,Inside Spinal Tap (Timbre books)
156853,Inside Tcp/Ip
250620,Inside Track
123638,Inside UFO 54-40
154367,Inside Ufo-54-40
233710,Inside the CIA
97689,Inside the Crosshairs: Snipers in Vietnam
60324,Inside the Magic Kingdom: Seven Keys to Disney's Success
156863,Inside the Windows Nt File System
107504,"Inside the \Wicker Man\"""""
227513,"Inside, Outside, Upside Down (Bright &amp; Early Book)"
159727,Insider's England
46230,Insiders
78436,Insiders' Guide to Phoenix
146716,Insight Compact Guides Gran Canaria (Insight Compact Guides)
233458,Insight Guide Asia's Best Hotels &amp; Resorts (Insight Guides)
134243,"Insight Guide Malta (Malta, 4th ed)"
125050,Insight Guide: Rome (Insight Guide Rome)
113046,Insight Guides Italy (Insight Guides)
196125,Insight Guides London (Insight Guide London)
125049,Insight Guides London (Insight Guides)
81821,Insights from the Outfield (Peanuts at Work &amp; Play)
5544,Insomnia
224772,Insomnia
27354,Insomnia
3603,Insomnia
112525,Insomnia
128770,"Inspector Anders and the Ship of Fools (Browne, Marshall. Inspector Anders Mysteries Series,)"
76403,Inspector Gadget Coloring/Activity Book
77904,Inspector Imanishi Investigates
19477,Inspiration Sandwich: Stories to Inspire Our Creative Freedom
227994,"Inspirational Leadership: Destiny, Calling and Cause"
113340,Inspirational Study Bible
45125,Inspired Sleep: A Novel
85885,Inspiring People at Work: How to Make Participative Management Work for You
211688,Instant Guide to Medicinal Plants
253274,Instant Handwriting Analysis: A Key to Personal Success (Llewellyn's self-help series)
74156,"Instant Java (Java Series (Mountain View, Calif.).)"
182150,Instant Rapport
222574,Instant Trainer
218137,Instant lives
70662,Instinctive Male  (Heartbreakers)
52556,Instructional Media and Technologies for Learning (7th Edition)
113010,"Instructor's manual for the Random House handbook, fourth edition"
21947,Instruments des tÃÂ©nÃÂ¨bres: Roman (Un endroit oÃÂ¹ aller)
155951,Instruments of Night
110635,Insurrection
222947,Insurrection in Dublin
202131,"Intangibles Inc., and other stories (Corgi SF collector's library)"
113084,Integrating the Literature of Chris Van Allsburg in the Classroom/#G1390
2941,Intensity
32057,Intensity
20110,Intensity
15203,Intensity.
96023,Intensive Care: A Doctor's Journal
126736,Intensive Scare Unit
97196,"Intent To Seduce (Blaze, 38)"
127300,Intent to Harm
253248,Intentional Interviewing and Counseling: Facilitating Client Development in a Multicultural Society (Counseling)
119175,Inter-Office Male
113014,Interactive techniques for the ESL classroom
182117,Intercambios
256652,Intercambios: Spanish for Global Communication
41860,Intercourse
142750,Intercourses: An Aphrodisiac Cookbook
52659,Interest of Justice
59781,Interest of Justice
118087,Interesting Times
111729,Interesting Times (Discworld Novels (Paperback))
262,Interesting Times: A Novel of Discworld
101805,"Intergalactic Empires (Isaac Asimov's Wonderful World of Science Fiction Series, No. 1)"
234300,Interior Castle
177118,Interior Remodeling: Projects That Will Bring New Life to Every Room in Your Home (The Family Handyman)
97525,Interlopers (Ace Science Fiction)
192516,Intermediate Microeconomics
178811,Intermediate Woodturning Projects: The Best from Woodturning Magazine
128044,Intern
149447,Internal Affair (Cavanaugh Justice Series)
180162,Internal Affairs
59771,"International Dictionary of Obscenities: A Guide to Dirty Words and Indecent Expressions in Spanish, Italian, French, German and Russian"
40610,International Mountain Rescue Handbook
169337,International Politics: A Framework for Analysis (7th Edition)
41866,Internationalization and Domestic Politics (Cambridge Studies in Comparative Politics)
68486,"Internet Kids &amp; Family Yellow Pages, 2001 Edition"
183212,Internet Marketing for Dummies
165002,Internet Slave Master (St. Martin's True Crime Library)
36178,Internet for Cats
93262,Internet for Kids!: A Beginner's Guide to Surfing the Net
156321,Internet: Mailing Lists (Internet Information Series)
219094,Interpersonal communication and human relationships
1102,Interpreter of Maladies
19266,Interpreter of Maladies
90648,Interpreting Our Heritage (Chapel Hill Books)
208459,Interpreting the Environment
145857,Interrupted Life the Diaries of Etty Hil
18099,"Interrupted Marriage (Silhouette Special Edition, No 916)"
18922,"Intersecting Circles: The Voices of Hapa Women in Poetry and Prose (Bamboo Ridge, No. 76)"
204966,Interstellar Patrol
133001,Interstellar Pig
219166,Intervention in Human Services: A Guide to Skills and Knowledge
238642,Intervention: A Root Tale to the Galactic Milieu and a Vinculum Between It and the Saga of Pliocene Exile
16865,Intervention: How to Help Someone Who Doesn't Want Help : A Step-By-Step Guide for Families of Chemically Dependent Persons
198816,Interview With the Vampire
42382,Interview With the Vampire
30497,Interview with the Vampire
2526,Interview with the Vampire
26753,Interview with the Vampire : Anniversary edition
199311,Interviews With Francis Bacon: The Brutality of Fact
45169,Intimacy and Midnight All Day: A Novel and Stories
42468,Intimacy.
167909,Intimate Behavior: A Zoologist's Classic Study of Human Intimacy
119820,Intimate Enemies
120776,Intimate Enemy:  How to Fight Fair in Love and Marriage
16477,Intimate Evil: A Novel
129649,"Intimate Fantasy (Fantasies Inc.) (Temptation, 840)"
144813,"Intimate Knowledge (Blaze, 45)"
143105,Intimate Partners: Patterns in Love and Marriage
110404,Intimate Reflections
42008,Intimate Relationships
242596,"Intimate Secrets (Intrigue, 566)"
32564,Intimate Strangers  (43 Light Street)
31413,Into Danger
25184,Into Love and Out Again
220332,Into Print: A Guide to the Writers Life
128119,Into Temptation
78977,Into That Good Night
67094,Into The Fire
265270,Into Thin Air
242599,"Into Thin Air (Im Extra) (Silhouette Intimate Moments Extra, No 619)"
14110,Into Thin Air : A Personal Account of the Mount Everest Disaster
1908,Into Thin Air : A Personal Account of the Mt. Everest Disaster
1792,Into Thin Air : A Personal Account of the Mt. Everest Disaster
35292,"Into the Blue (Dolphin Diaries, 1)"
115052,Into the Cold Fire (Daughters of the Moon #2)
1022,Into the Darkness
128569,Into the Darkness
25909,Into the Fire
66219,Into the Forest
30965,Into the Forest
151620,"Into the Forge (Hel's Crucible Duology , No 1)"
21095,Into the Garden (Wildflowers)
83756,Into the Great Wide Open
62700,Into the Green
61123,"Into the Land of the Lost (Secrets of Droon, 7)"
240909,Into the Mirror: the Life of Robert P. Hanssen: the Life of Robert P. Hanssen
32015,Into the Morning
62937,"Into the Nebula (Star Trek The Next Generation, No 36)"
127447,"Into the Nevernight (The Children's Voices Series, Book 1)"
128364,Into the Night
43207,Into the Night
129341,Into the Path of Gods (Macsen's Treasure Series/Kathleen Cunningham Guler)
125919,Into the Prairie : The Pioneers (Westerward America!)
3097,"Into the Shadows (Shadowrun, No. 7)"
10520,Into the Storm (Left Behind: The Kids #11)
218034,Into the Sunset
28271,Into the Valley of Death
127949,Into the Valley: The Settlers
50704,"Into the Void (Star Trek New Frontier, No 2)"
80656,Into the Volcano : A Mallory &amp; Morse Novel of Espionage
126220,Into the Web
1793,Into the Wild
145017,Into the Wilderness
13456,Into the Wilderness
88640,"Into the Wilderness: The Long Hunters (Bittner, Rosanne, Westward America!,)"
25944,Into the Woods
7552,Into the Woods
128399,Intrigued (Brava Historical Romance)
154482,"Intrigues : Book One of The Blending Enthroned (Blending Enthroned, Bk 1)"
18227,Intriguing Lady
131999,Intro to Psychology 3D
5496,Introducing Buddha (Introducing...(Totem))
269828,Introducing Consciousness
223754,"Introducing Cultural Studies, 2nd Edition"
174285,Introducing Evolutionary Psychology
246348,Introducing Fascism &amp; Nazism
269829,Introducing Fractal Geometry
107015,Introducing Freud (Introducing)
44877,Introducing Jung (Introducing)
138850,"Introducing Jung, 2nd Edition"
197685,Introducing Liberation Theology
107024,Introducing Marquis de Sade
269827,Introducing Mathematics
240761,Introducing Media Studies
162489,Introducing Microsoft Windows 98 : The Official First Look at the Next Version of Microsoft Windows
269826,Introducing Postfeminism
240690,Introducing Shakespeare (Introducing...(Totem))
42919,Introducing the Little Prince: Board Book Gift Set
152812,Introduction to Aristotle (Modern Library)
198937,Introduction to Biology
219060,Introduction to Canadian History
41801,Introduction to Ceramics
112828,Introduction to Christian Worship
222895,Introduction to Civil Litigation (West's Paralegal Series)
155489,Introduction to Comparative Politics: Challenges of Conflict and Change in a New Era
206142,Introduction to Critical Theory: Horkheimer to Habermas
84253,Introduction to Design and Analysis: A Student's Handbook (A Series of Books in Psychology)
230631,Introduction to Electronic Devices
168482,Introduction to Labor Law (ILR bulletin)
198216,Introduction to Logic
197804,Introduction to Metaphysics
265069,Introduction to Modern Japanese
269627,Introduction to Psychology: Exploration and Application
205601,Introduction to Tantra: A Vision of Totality (A Wisdom basic book)
154605,Introduction to drawing
21842,"Introduction Ã?ÃÂ  l'Ã?Ã?uvre de Freud, FerencziÃ?Ã?"
230633,Introductory Electronic Devices and CI Edition
50099,Intruders: The Incredible Visitations at Copley Woods
37002,Intuitive Body: Aikido As a Clairsentient Practice
94873,Invader
69874,Invaders!
12747,Invasion
7700,Invasion of Privacy
193876,Invasion of the Black Gears! (Digimon)
152741,"Inventing Japan, 1853-1964 (Modern Library Chronicles)"
126527,Inventing Memory
16828,"Inventing the Abbotts and Other Stories (Harper &amp; Row, 1987)"
135114,Inventing the future
48956,Invention by Design: How Engineers Get from Thought to Thing
243542,Inversions : A Catalog of Calligraphic Cartwheels
74976,Inversions: A catalog of calligraphic cartwheels
199878,Invertebrate Palaeontology &amp; Evolution
63510,Investigation
70269,Investigative poetry
265309,Investigative social research: Individual and team field research (Sage library of social research ; v. 29)
269901,Investing at the Racetrack
230337,Invid Invasion (The Robotech Rpg Book Five)
53830,Invisible Cities (A Harvest/Hbj Book)
30972,Invisible Darkness: The Strange Case of Paul Bernardo and Karla Homolka
115974,Invisible Eden: A Story of Love and Murder on Cape Cod
18256,"Invisible Groom (Harlequin American Romance, No 554)"
41612,Invisible Life: A Novel
103154,Invisible Lines of Connection: Sacred Stories of the Ordinary
112267,Invisible Man
62995,Invisible Man
1098,Invisible Man
152525,Invisible Man (Commemorative Edition)
57699,Invisible Mending
15053,Invisible Monsters
109143,Invitation To A Royal Wedding
178943,Invitation to Murder
250614,Invitation to Provence
52896,"Invitation to Seduction, An"
78857,Invitation to a Beheading (Vintage International (Paperback))
149589,Invitation to a Wedding
102536,Invitations To Seduction: 3 Novels in 1
145080,"Invoke the Goddess; Visualizations of Hindu, Greek, and Egyptian Deities"
145082,Invoke the Gods: Exploring the Power of Male Archetypes
28996,Involved
25315,Invu  Vol. 1
100212,Inzest und Therapie. Ein ( system)therapeutisches Handbuch.
8752,Io Non Ho Paura
58706,Iowa
95195,Iras Celestiales
255996,Ireland (A Picture Memory)
173509,Ireland for Kids
255997,Ireland: Your Only Place
188853,Iris
41967,"Iris (Greenwood, Leigh. Seven Brides.)"
43626,Irisches Tagebuch
192277,Irish Blessings: An Illustrated Edition
38116,Irish Born
47443,Irish Chain
51928,Irish Chain (Benni Harper Mysteries (Paperback))
127198,Irish Coffee: A Mystery Set at the University of Notre Dame
251772,Irish Dancing (Collins Pocket Reference)
49656,Irish Enchantment
4753,Irish Girls About Town : An Anthology of Short Stories
23112,Irish Girls About Town: An Anthology of Short Stories
7917,Irish Gold (Nuala Anne McGrail Novels)
29948,Irish Gypsy (Irish Eyes)
4010,Irish Hearts
77668,Irish Hope (Irish Eyes Romance Series)
40166,Irish Lace (Zebra Historical Romance)
66936,Irish Linen
1852,Irish Mist: A Nuala Anne McGrail Novel (Nuala Anne McGrail Novels (Paperback))
14962,"Irish Rebel (Special Edition, 1328)"
143667,Irish Scalawags and Scoundrels
20846,Irish Stew!
20523,Irish Stew! (Nuala McGrail Mystery)
89746,Irish Verse an Anthology: An Anthology (Dover Thrift Editions)
33592,Irish Whiskey: A Nuala Anne McGrail Novel
32349,Irish Whiskey: A Nuala Anne McGrail Novel (Nuala Anne McGrail Novels (Paperback))
162778,Irish Wonders
194144,Irish/English English/Irish Dictionary and Phrasebook (Language Dictionaries Series)
193792,"Irish: A Complete Course for Beginners (Teach Yourself Books (Lincolnwood, Ill.).)"
227085,Irland- Lesebuch
264054,Irma's Sampler: The Netherlands (International Quilt Shop)
209272,Iron Cage
197856,Iron Cages : Race and Culture in 19th-Century America
43324,Iron Chef: The Official Book
126045,Iron Council
57268,Iron Heart (Silhouette Intimate Moments No 494)
27481,Iron John : A Book About Men
102642,Iron Lace
66200,Iron Lake (Cork O'Connor Mysteries)
92028,Iron Marshal
125968,Iron Sunrise
41250,Iron and Silk (Vintage Departures)
70400,Irons in the Fire
1120,Ironweed
114906,Ironweed
107636,Iroquois Crafts
5221,Irrational Man : A Study in Existential Philosophy
32609,Irreparable Harm
127562,Irreparable Harm
177293,Irresistible
23077,Irresistible (Banning Sisters Trilogy)
56098,Irresistible (Conrad Voort Novels (Hardcover))
95185,"Irresistible (Love and Laughter, No 14)"
9617,Irresistible Forces
25949,Irresistible Forces
137829,Irresistible Forces
216479,Irresistible Forces (Silhouette Intimate Moments)
3640,Irresistible Impulse
195730,Irresistible Impulse: A True Story of Blood and Money
18033,"Irresistible Man (Silhouette Intimate Moments, No 622)"
105755,Irvings Delight
60808,Is Anybody There? (Harper Trophy Book)
90635,Is Data Human?: The Metaphysics of Star Trek
114728,"Is He A Girl? (Marvin Redpost 3, paper)"
80141,Is Heathcliff a Murderer?: Great Puzzles in Nineteenth-Century Literature (World's Classics)
231239,Is It Christmas Yet? (Board Book)
108366,Is It Love or Is It Addiction
112968,Is It Too Late to Run Away and Join the Circus? An Updated Guide to Your Second Life
198031,Is It a Choice?: Answers to 300 of the Most Frequently Asked Questions About Gays and Lesbians
254491,"Is My Child Ok?: When Behaviour Is a Problem, When Its Not, and When to Seek Help"
84661,Is Our Children Learning? : The Case Against George W. Bush
193702,Is Sex Necessary? : Or Why You Feel the Way You Do
110443,Is Shane MacGowan Still Alive?
112902,Is That All Beetle Bailey
160125,Is That the Library Speaking?
65073,Is There Life After Housework
25762,Is There Life After Housework?
42980,Is There a Book Inside You?: Writing Alone or With a Collaborator
78703,Is This One Of Those Days
124931,Is Your Mama a Llama?
87447,Is that a Moose in Your Pocket?
152428,Isaac Asimov On The Human Body
48695,Isaac Asimov Presents Super Quiz
112961,Isaac Asimov Presents the Golden Years of Science Fiction (Fourth Series)
225069,"Isaac Asimov Presents the Great Science Fiction Stories, No 16"
73010,"Isaac Asimov Presents the Great Science Fiction Stories, No 17"
178928,Isaac Asimov Presents: Favorite Robot Stories from His Private Library
111993,"Isaac Asimov's Book of Facts: 3,000 Of the Most Interesting, Entertaining, Fascinating, Unbelievable, Unusual and Fantastic Facts"
189430,Isaac Asimov's Caliban
63527,Isaac Asimov's Caliban
204970,Isaac Asimov's Father's Day
115434,Isaac Asimov's Inferno (Caliban Trilogy)
16231,Isaac Asimov's Robot City Volume 1 (Robot City (Two in One Collection))
33161,Isaac Asimov's Solar System
117007,"Isaac Asimov's Utopia (Caliban Series , Vol 3)"
25724,Isaac Asimov's Werewolves
132328,Isaac Asimovs Book Of Facts
223191,"Isaac Finds a Wife (The Lion Story Bible, 5)"
90077,Isaac Newton
19767,"Isaac's Storm : A Man, a Time, and the Deadliest Hurricane in History"
5073,"Isaac's Storm: A Man, a Time, and the Deadliest Hurricane in History"
17310,Isabel's Bed
19258,Isabel's Daughter : A Novel
16680,"Isabel: Jewel of Castilla, Spain, 1466 (The Royal Diaries)"
77101,Isabel: Taking Wing (Girls of Many Lands)
41983,Isabella: From Auschwitz to Freedom
42250,Isadora Duncan: The Russian Years (Da Capo Paperback)
218907,Isaiah Thomas Charles Barkley
112738,"Isaiah, Volume 2: Chapters 33 to 66 (OT Daily Study Bible Series)"
59390,Isak Dinesen
29646,Isak Dinesen: The Life of a Storyteller
41764,Ishmael
2021,Ishmael: An Adventure of the Mind and Spirit
107525,"Ishtar Rising: Or, Why the Goddess Went to Hell and What to Expect Now That She's Returning"
116627,Islam : A Short History (Modern Library Chronicles)
197015,Islam Observed Religious Development in Morocco and
54995,Islam and Democracy
197931,Islamic Art
64521,"Island Baby (Silhouette Desire, No 5770)"
129206,Island Bliss : Four Novellas
147723,Island Flame
244361,Island Flame
211739,Island Magic
262780,Island Magic (Arabesque)
121953,Island Stallion Races (Black Stallion (Paperback))
234834,Island Stallion's Fury
103434,"Island Warriors (Carrier, 18)"
39163,Island of Bones
129359,Island of Tears
60840,Island of the Aunts
122014,Island of the Aunts
4202,Island of the Blue Dolphins
114517,Island of the Blue Dolphins (Illustrated)
1585,Island of the Blue Dolphins (Laurel Leaf Books)
3625,Island of the Sequined L
19346,Island of the Sequined Love Nun
72089,Island of the Sequined Love Nun
142300,Island of the Skog
68500,Island: The Complete Stories
12699,Islandia: The Epic Underground Classic
59359,Islands
2788,Islands in the Net
197533,Islands of History
222142,Isle of Destiny: A Novel of Ancient Ireland
526,Isle of Dogs
47,Isle of Dogs
59168,Isle of Dogs
98497,Isle of Dwarves (Keepers of the Maser Series Volume 2)
1364,Isle of Lies
15880,Isle of Palms: A Lowcountry Tale
128417,Isle of Skye (Highland Fling Romance)
3127,Isle of Woman (Geodyssey)
218892,Isle of the Dead
190907,"Isn't It Rich? (Silhouette Special Edition, 1597)"
120582,Isobel's Wedding
262895,Israel gardening encyclopedia: Month by month
14396,Issola (Vlad Taltos)
3543,It
16244,It
25406,It
4817,It
66702,It (R)
154738,"It All Depends On Love (Harlequin Presents, No 1363)"
246254,"It All Started With Columbus, Being 961-"
13757,It Began in Vauxhall Gardens
18743,It Came From The Far Side
36610,"It Came from Beneath the Sink! (Goosebumps, No 30)"
146800,It Came from Bob's Basement: Exploring the Science Fiction and Monster Movie Archive of Bob Burns
238371,It Came from Schenectady
22857,It Had To Be Us
24890,It Had to Be You
122150,It Had to Be You
217982,It Had to Be You
87157,"It Had to Be You : A Grace &amp; Favor Mystery (Churchill, Jill)"
85155,"It Happened In Texas (Guaranteed Page-Turner) (Harlequin Superromance, 812)"
32562,It Happened One Christmas
100140,"It Happened One Night (Special Edition, No 597)"
1610,"It Happened to Nancy : By an Anonymous Teenager, A True Story from Her Diary (Confident Collector)"
126682,It Isn't Easy Being Johnny Style
43130,It Means Mischief
71998,It Must Be Love (Avon Light Contemporary Romances)
254827,It Must Be Nice To Be Little
218136,It Rained on the Desert Today (Reading Rainbow Book)
126260,"It Should Happen To You (Harlequin Temptation, No. 971)"
52207,It Shouldn't Happen to a Vet (Bull's-eye S.)
45854,It Started With A Kiss (Harlequin Presents No 1801)
85976,"It Takes A Baby (Count On A Cop) (Superromance , No 801)"
126431,It Takes a Hero
157062,It Takes a Village Idiot : A Memoir of Life After the City
119018,It Takes a Village Idiot : Complicating the Simple Life
231154,It Takes an Angel: A Novel
162933,It Was Thirty Years Ago Today
3671,It Was a Dark and Stormy Night
27773,It Was a Dark and Stormy Night: The Best (?) from the Bulwer-Lytton Contest
3733,It Was on Fire When I Lay Down on It
7691,It Was on Fire When I Lay Down on It
101713,It Will Never Happen to Me
246330,It all would have startled Columbus: A further mangling of American history that started with It all started with Columbus
24453,It'S Obvious You Won'T Survive By Your Wits Alone
15178,It's A Magical World: A Calvin and Hobbes Collection
57143,"It's All About Eve (Harlequin Temptation, 949)"
254833,It's All Downhill From Here (For Better Or for Worse Collection)
14291,"It's All Greek to Me (Time Warp Trio, 8)"
174940,It's Always Darkest Before the Fun Comes Up
11999,It's Always Something
15165,It's Always Something
65921,"It's Better to Laugh...Life, Good Luck, Bad Hair Days &amp; QVC"
134554,It's Christmas
168053,It's Easier Than You Think: The Buddhist Way to Happiness
3398,It's Fine to Be Nine
134944,It's Fun to Be Five!: 8 Stories About Being Five
130762,It's Good to Be the King...Sometimes
101782,It's Hard to Be Hip Over Thirty
52866,It's Heaven to Be Seven
102282,It's Her Funeral (It's Her Funeral)
235731,It's Incredible
109030,"It's Like This, Cat"
66622,"It's Like This, Cat"
128236,It's My Body and I'll Cry If I Want to
17094,It's My F---ing Birthday
9318,It's My F---ing Birthday : A Novel
86567,It's My Life! A Workout for Your Mind
11304,It's Not About the Bike: My Journey Back to Life
5787,It's Not About the Bike: My Journey Back to Life
253207,It's Not All in Your Head: Now Women Can Discover the Real Causes of Their Most Commonly Misdiagnosed Health Problems
55851,"It's Not Easy Being Big! (Bright &amp; Early , No 31)"
79159,It's Not Easy Being Big! (Bright and Early Books)
177365,It's Not Easy Being a Bunny (I Can Read It All By Myself)
48664,It's Not Fair (Ursula Nordstrom Book: Charlotte Zolot)
87152,It's Not Mean If It's True
126301,It's Not You It's Me (Red Dress Ink)
99904,It's Not Your Fault: Overcoming Anorexia and Bulimia Through Biopsychiatry
93181,It's Not the End of the World
29982,It's Not the End of the World
171308,It's Not the End of the World (Clythway)
71879,"It's OK, I'm Wearing Really Big Knickers!: Further Confessions of Georgia Nicolson (Angus)"
162691,It's Only Rock 'N' Roll: The Ultimate Guide to the Rolling Stones
89834,It's Only a Game
31243,It's Raining Pigs &amp; Noodles
44299,"It's Spring, Blue!"
44479,It's Tigger Time! (A Peek-a-Pooh Book)
194790,It's Time-Out Time (Dinofours)
249866,It's Too Noisy!
76541,It's True! It's True!
135513,It's Tubby Bedtime (Teletubbies)
238860,"It's What He Would've Wanted: A Novel About Secrets, Suicide and Bad Weather"
114265,It's Your Pregnancy
249760,"It's a Big World, Charlie Brown"
156778,It's a Cat's Life
162444,It's a Cat's Life: True Stories With Practical Help for Your Cat from Birth to Old Age
147800,It's a Chick Thing: Celebrating the Wild Side of Women's Friendship
56591,It's a Love Thang
112236,It's a Mom's Life!
18835,It's a Slippery Slope
71553,It's a Thin Line
251577,It's a Weird World
58388,It's a guy thing !   (the wrong bed)
93123,It's an Aardvark-Eat-Turtle World
145251,It's an Aardvark-Eat-Turtle World
223123,It's only Ali Cat (A Happy day book)
173640,"It's the Great Pumpkin, Charlie Brown"
193934,It's the Little Things: An Appreciation of Life's Simple Pleasures
257807,Italian Cooking Tuscan
37938,Italian Days
116288,Italian Education
4128,Italian Fever: A Novel
113299,"Italian Genealogical Records: How to Use Italian Civil, Ecclesiastical, &amp; Other Records in Family History Research"
190399,Italian Greyhounds
113151,Italian Idioms (Barron's Idioms Series)
59448,"Italian Neighbors Or, a Lapsed Anglo-Saxon in Verona"
42950,Italian Short Stories I (Penguin Parallel Text)
47499,"Italian'S Revenge (Presents Passion) (Presents, 2121)"
113324,Italian-American Family History: A Guide to Researching and Writing About Your Heritage
157703,Italian-American Folklore (American Folklore Series)
113043,Italy (Travel Bugs)
43417,"Itchy, Itchy Chicken Pox (Hello Reader!, Level 1)"
42325,Its All in the Playing
103106,Its Obvious You Wont Survive By Your Wit
14049,Its Thanksgiving
26462,Ivanhoe (Tor Classics)
158708,Ivanhoe: A Romance (Signet Classics (Paperback))
236958,Ive Got a Crush on You
35935,Ivy Days: Making My Way Out East
154761,"Ivy'S League (Harlequin Romance, No. 3269)"
64309,Izo
2839,"Izzy, Willy-Nilly"
